ano,empenhado,liquidado,pago,pct_pago_sobre_empenhado,pct_liquidado_sobre_empenhado
2021,2772775122.79,2543602728.98,2531825076.07,0.9131014827926064,0.9173490875886813
