ano,pago,arrecadado,superavit_deficit,resultado_pct_despesa,resultado_pct_receita
2021,2531825076.07,2915259476.3,383434400.23,0.15144584981565243,0.13152667999098616
