ano,previsto,arrecadado,gap,gap_pct
2024,3949006000.0,4390812127.11,-441806127.10999966,-0.1118778059871268
