ano,pago,arrecadado,superavit_deficit,resultado_pct_despesa,resultado_pct_receita
2024,3893490171.6099997,4390812127.11,497321955.5,0.12773165812162615,0.11326423019318152
