ano,pago,arrecadado,previsto,resultado,diff_arrecadado_previsto,diff_previsto_arrecadado
2025,2168138435.11,2833208170.16,4590263000.0,665069735.0499997,-1757054829.8400002,1757054829.8400002
