ano,liquidado,arrecadado,superavit_deficit,resultado_pct_despesa,resultado_pct_receita
2025,2424931552.32,2833208170.16,408276617.8399997,0.16836624417270252,0.14410399565413615
