ano,empenhado,liquidado,pago,pct_pago_sobre_empenhado,pct_liquidado_sobre_empenhado
2025,2475516838.38,2424931552.32,2168138435.1099997,0.8758326348241883,0.979565767731516
