ano,previsto,arrecadado,gap,gap_pct
2025,4590263000.0,2833208170.16,1757054829.8400002,0.3827786838880474
