ano,pago,arrecadado,superavit_deficit,resultado_pct_despesa,resultado_pct_receita
2025,2168138435.1099997,2833208170.16,665069735.0500002,0.30674689599156435,0.23474086445700235
