ano,pago,arrecadado,superavit_deficit,resultado_pct_despesa,resultado_pct_receita
2023,3429915902.64,3833933844.1699996,404017941.52999973,0.11779237538128205,0.1053794765249698
