ano,pago,arrecadado,previsto,resultado,diff_arrecadado_previsto,diff_previsto_arrecadado
2023,3429915902.64,3833933844.17,3629134000.0,404017941.5300002,204799844.17000008,-204799844.17000008
