ano,liquidado,arrecadado,superavit_deficit,resultado_pct_despesa,resultado_pct_receita
2023,3462923251.76,3833933844.1699996,371010592.4099994,0.10713797720507855,0.09677021239533638
