ano,empenhado,liquidado,pago,pct_pago_sobre_empenhado,pct_liquidado_sobre_empenhado
2018,2122822735.08,2000080972.1100001,1973966603.25,0.929878209155137,0.9421799281957595
