ano,liquidado,arrecadado,superavit_deficit,resultado_pct_despesa,resultado_pct_receita
2018,2000080972.1100001,1931007935.39,-69073036.72000003,-0.03453512016922541,-0.035770457207390784
