ano,pago,arrecadado,previsto,resultado,diff_arrecadado_previsto,diff_previsto_arrecadado
2018,1973966603.25,1931007935.39,2230698000.0,-42958667.859999895,-299690064.6099999,299690064.6099999
