{
  "rows": 1,
  "cols": [
    "ano",
    "pago",
    "arrecadado",
    "previsto",
    "resultado",
    "diff_arrecadado_previsto",
    "diff_previsto_arrecadado"
  ],
  "sample": [
    {
      "ano": 2018,
      "pago": 1973966603.25,
      "arrecadado": 1931007935.39,
      "previsto": 2230698000.0,
      "resultado": -42958667.859999895,
      "diff_arrecadado_previsto": -299690064.6099999,
      "diff_previsto_arrecadado": 299690064.6099999
    }
  ]
}