ano,pago,arrecadado,superavit_deficit,resultado_pct_despesa,resultado_pct_receita
2018,1973966603.25,1931007935.39,-42958667.859999895,-0.021762611276842987,-0.02224675884168423
