ano,empenhado,liquidado,pago,pct_pago_sobre_empenhado,pct_liquidado_sobre_empenhado
2024,4056869096.1400003,3969002492.83,3893490171.6099997,0.9597278293535645,0.978341277170219
