{
  "rows": 1,
  "cols": [
    "ano",
    "pago",
    "arrecadado",
    "previsto",
    "resultado",
    "diff_arrecadado_previsto",
    "diff_previsto_arrecadado"
  ],
  "sample": [
    {
      "ano": 2024,
      "pago": 3893490171.61,
      "arrecadado": 4390812127.11,
      "previsto": 3949006000.0,
      "resultado": 497321955.4999995,
      "diff_arrecadado_previsto": 441806127.10999966,
      "diff_previsto_arrecadado": -441806127.10999966
    }
  ]
}