ano,liquidado,arrecadado,superavit_deficit,resultado_pct_despesa,resultado_pct_receita
2024,3969002492.83,4390812127.11,421809634.27999973,0.10627598119225133,0.09606642736445928
