ano,pago,arrecadado,previsto,resultado,diff_arrecadado_previsto,diff_previsto_arrecadado
2024,3893490171.61,4390812127.11,3949006000.0,497321955.4999995,441806127.10999966,-441806127.10999966
