ano,empenhado,liquidado,pago,pct_pago_sobre_empenhado,pct_liquidado_sobre_empenhado
2019,2374025965.81,2281001880.04,2291533499.05,0.9652520789797453,0.9608158937140097
