ano,pago,arrecadado,superavit_deficit,resultado_pct_despesa,resultado_pct_receita
2019,2291533499.05,2197650978.24,-93882520.81000042,-0.040969298877333124,-0.04271948627856582
