ano,empenhado,liquidado,pago,pct_pago_sobre_empenhado,pct_liquidado_sobre_empenhado
2023,3620876605.31,3462923251.76,3429915902.64,0.9472611957032844,0.9563770404883829
