ano,previsto,arrecadado,gap,gap_pct
2023,3629134000.0,3833933844.1699996,-204799844.1699996,-0.05643215273120243
