ano,pago,arrecadado,superavit_deficit,resultado_pct_despesa,resultado_pct_receita
2020,2414866931.0,2484610066.89,69743135.88999987,0.028880736654553107,0.028070052850304086
