ano,pago,arrecadado,previsto,resultado,diff_arrecadado_previsto,diff_previsto_arrecadado
2022,2859632841.14,3390230129.74,2983482000.0,530597288.5999999,406748129.7399998,-406748129.7399998
