ano,liquidado,arrecadado,superavit_deficit,resultado_pct_despesa,resultado_pct_receita
2022,2900478567.09,3390230129.7400002,489751562.6500001,0.1688519847058754,0.14445968087940966
