ano,pago,arrecadado,superavit_deficit,resultado_pct_despesa,resultado_pct_receita
2022,2859632841.1400003,3390230129.7400002,530597288.5999999,0.18554734753587313,0.15650774970862874
