ano,previsto,arrecadado,gap,gap_pct
2018,2230698000.0,1931007935.39,299690064.6099999,0.13434811194074675
