ano,previsto,arrecadado,gap,gap_pct
2019,2209262000.0,2197650978.24,11611021.760000229,0.005255611041153212
