{
  "rows": 1,
  "cols": [
    "ano",
    "pago",
    "arrecadado",
    "previsto",
    "resultado",
    "diff_arrecadado_previsto",
    "diff_previsto_arrecadado"
  ],
  "sample": [
    {
      "ano": 2019,
      "pago": 2291533499.05,
      "arrecadado": 2197650978.24,
      "previsto": 2209262000.0,
      "resultado": -93882520.81000042,
      "diff_arrecadado_previsto": -11611021.760000229,
      "diff_previsto_arrecadado": 11611021.760000229
    }
  ]
}