ano,liquidado,arrecadado,superavit_deficit,resultado_pct_despesa,resultado_pct_receita
2019,2281001880.04,2197650978.24,-83350901.80000019,-0.03654135602840386,-0.037927269901043247
