ano,pago,arrecadado,previsto,resultado,diff_arrecadado_previsto,diff_previsto_arrecadado
2019,2291533499.05,2197650978.24,2209262000.0,-93882520.81000042,-11611021.760000229,11611021.760000229
