ano,previsto,arrecadado,gap,gap_pct
2021,2739532000.0,2915259476.3,-175727476.3000002,-0.06414507160347102
