ano,pago,arrecadado,previsto,resultado,diff_arrecadado_previsto,diff_previsto_arrecadado
2021,2531825076.07,2915259476.3,2739532000.0,383434400.23,175727476.3000002,-175727476.3000002
