ano,liquidado,arrecadado,superavit_deficit,resultado_pct_despesa,resultado_pct_receita
2021,2543602728.98,2915259476.3,371656747.3200002,0.14611430593528132,0.12748667840424993
