ano,empenhado,liquidado,pago,pct_pago_sobre_empenhado,pct_liquidado_sobre_empenhado
2022,3070816108.52,2900478567.09,2859632841.1400003,0.9312289437345107,0.9445302045415884
