ano,previsto,arrecadado,gap,gap_pct
2022,2983482000.0,3390230129.7400002,-406748129.74000025,-0.13633336140120847
