ano,empenhado,liquidado,pago,pct_pago_sobre_empenhado,pct_liquidado_sobre_empenhado
2020,2548487073.46,2433557815.24,2414866931.0,0.9475688364867442,0.9549029463728201
