ano,previsto,arrecadado,gap,gap_pct
2020,2251771000.0,2484610066.89,-232839066.88999987,-0.10340264036174188
