ano,pago,arrecadado,previsto,resultado,diff_arrecadado_previsto,diff_previsto_arrecadado
2020,2414866931.0,2484610066.89,2251771000.0,69743135.88999987,232839066.88999987,-232839066.88999987
