{
  "rows": 1,
  "cols": [
    "ano",
    "pago",
    "arrecadado",
    "previsto",
    "resultado",
    "diff_arrecadado_previsto",
    "diff_previsto_arrecadado"
  ],
  "sample": [
    {
      "ano": 2020,
      "pago": 2414866931.0,
      "arrecadado": 2484610066.89,
      "previsto": 2251771000.0,
      "resultado": 69743135.88999987,
      "diff_arrecadado_previsto": 232839066.88999987,
      "diff_previsto_arrecadado": -232839066.88999987
    }
  ]
}