ano,liquidado,arrecadado,superavit_deficit,resultado_pct_despesa,resultado_pct_receita
2020,2433557815.24,2484610066.89,51052251.650000095,0.020978442069585792,0.020547389842102057
